FishnetID,NAME
1,Baoshan
2,Jiading
3,Chongming
4,Songjiang
5,Pudong New
6,Jinshan
7,Chongming
8,Songjiang
9,Chongming
10,Jinshan
11,Pudong New
12,Songjiang
13,Fengxian
14,Jinshan
15,Pudong New
16,Jiading
17,Fengxian
18,Qingpu
19,Minhang
20,Pudong New
21,Chongming
22,Qingpu
23,Chongming
24,Pudong New
25,Qingpu
26,Chongming
27,Shanghai Proper
28,Songjiang
29,Pudong New
30,Songjiang
31,Baoshan
32,Pudong New
33,Chongming
34,Pudong New
35,Jinshan
36,Pudong New
37,Chongming
38,Baoshan
39,Jinshan
40,Jinshan
41,Songjiang
42,Pudong New
43,Chongming
44,Pudong New
45,Jinshan
46,Chongming
47,Fengxian
48,Fengxian
49,Chongming
50,Chongming
51,Jinshan
52,Jinshan
53,Fengxian
54,Chongming
55,Minhang
56,Pudong New
57,Chongming
58,Pudong New
59,Pudong New
60,Shanghai Proper
61,Chongming
62,Qingpu
63,Chongming
64,Baoshan
65,Shanghai Proper
66,Fengxian
67,Pudong New
68,Pudong New
69,Jinshan
70,Baoshan
71,Qingpu
72,Qingpu
73,Qingpu
74,Chongming
75,Pudong New
76,Songjiang
77,Fengxian
78,Chongming
79,Chongming
80,Fengxian
81,Pudong New
82,Jiading
83,Pudong New
84,Pudong New
85,Qingpu
86,Jiading
87,Fengxian
88,Qingpu
89,Jinshan
90,Pudong New
91,Chongming
92,Fengxian
93,Shanghai Proper
94,Chongming
95,Chongming
96,Pudong New
97,Pudong New
98,Fengxian
99,Chongming
100,Qingpu
101,Minhang
102,Songjiang
103,Chongming
104,Minhang
105,Jiading
106,Jinshan
107,Minhang
108,Songjiang
109,Jinshan
110,Minhang
111,Qingpu
112,Chongming
113,Fengxian
114,Pudong New
115,Fengxian
116,Qingpu
117,Pudong New
118,Fengxian
119,Pudong New
120,Chongming
121,Songjiang
122,Pudong New
123,Chongming
124,Pudong New
125,Chongming
126,Baoshan
127,Jiading
128,Pudong New
129,Fengxian
130,Shanghai Proper
131,Qingpu
132,Songjiang
133,Jiading
134,Songjiang
135,Pudong New
136,Jiading
137,Jiading
138,Pudong New
139,Chongming
140,Chongming
141,Fengxian
142,Qingpu
143,Jinshan
144,Pudong New
145,Chongming
146,Minhang
147,Chongming
148,Songjiang
149,Chongming
150,Songjiang
151,Jinshan
152,Songjiang
153,Baoshan
154,Fengxian
155,Minhang
156,Pudong New
157,Pudong New
158,Chongming
159,Shanghai Proper
160,Pudong New
161,Jinshan
162,Songjiang
163,Pudong New
164,Chongming
165,Jinshan
166,Chongming
167,Songjiang
168,Pudong New
169,Fengxian
170,Chongming
171,Pudong New
172,Jiading
173,Qingpu
174,Jinshan
175,Pudong New
176,Chongming
177,Songjiang
178,Fengxian
179,Jinshan
180,Fengxian
181,Chongming
182,Pudong New
183,Fengxian
184,Songjiang
185,Shanghai Proper
186,Baoshan
187,Qingpu
188,Qingpu
189,Jiading
190,Pudong New
191,Qingpu
192,Chongming
193,Chongming
194,Chongming
195,Jiading
196,Pudong New
197,Chongming
198,Minhang
199,Chongming
200,Pudong New
201,Pudong New
202,Jinshan
203,Pudong New
204,Chongming
205,Fengxian
206,Chongming
207,Baoshan
208,Jiading
209,Jinshan
210,Jiading
211,Shanghai Proper
212,Songjiang
213,Fengxian
214,Pudong New
215,Jiading
216,Songjiang
217,Chongming
218,Jinshan
219,Jinshan
220,Chongming
221,Jiading
222,Songjiang
223,Jiading
224,Jinshan
225,Baoshan
226,Pudong New
227,Jiading
228,Chongming
229,Jiading
230,Songjiang
231,Chongming
232,Chongming
233,Jinshan
234,Qingpu
235,Qingpu
236,Songjiang
237,Fengxian
238,Pudong New
239,Jiading
240,Pudong New
241,Songjiang
242,Baoshan
243,Pudong New
244,Pudong New
245,Qingpu
246,Fengxian
247,Minhang
248,Songjiang
249,Minhang
250,Jiading
251,Minhang
252,Pudong New
253,Fengxian
254,Baoshan
255,Jiading
256,Baoshan
257,Jiading
258,Chongming
259,Pudong New
260,Songjiang
261,Chongming
262,Chongming
263,Songjiang
264,Songjiang
265,Pudong New
266,Pudong New
267,Songjiang
268,Chongming
269,Songjiang
270,Jinshan
271,Songjiang
272,Qingpu
273,Jiading
274,Pudong New
275,Chongming
276,Jiading
277,Songjiang
278,Jinshan
279,Jinshan
280,Chongming
281,Minhang
282,Minhang
283,Jiading
284,Chongming
285,Jinshan
286,Chongming
287,Jinshan
288,Pudong New
289,Minhang
290,Jinshan
291,Minhang
292,Pudong New
293,Chongming
294,Baoshan
295,Chongming
296,Chongming
297,Minhang
298,Minhang
299,Chongming
300,Pudong New
301,Fengxian
302,Chongming
303,Qingpu
304,Pudong New
305,Jiading
306,Chongming
307,Minhang
308,Qingpu
309,Baoshan
310,Pudong New
311,Chongming
312,Fengxian
313,Fengxian
314,Chongming
315,Chongming
316,Chongming
317,Pudong New
318,Baoshan
319,Minhang
320,Chongming
321,Fengxian
322,Pudong New
323,Fengxian
324,Chongming
325,Fengxian
326,Jiading
327,Jiading
328,Fengxian
329,Baoshan
330,Qingpu
331,Pudong New
332,Songjiang
333,Pudong New
334,Chongming
335,Songjiang
336,Qingpu
337,Shanghai Proper
338,Jinshan
339,Qingpu
340,Shanghai Proper
341,Jiading
342,Qingpu
343,Songjiang
344,Pudong New
345,Songjiang
346,Baoshan
347,Fengxian
348,Chongming
349,Songjiang
350,Jinshan
351,Pudong New
352,Qingpu
353,Jiading
354,Jiading
355,Minhang
356,Minhang
357,Jiading
358,Songjiang
359,Chongming
360,Baoshan
361,Chongming
362,Songjiang
363,Pudong New
364,Jiading
365,Pudong New
366,Pudong New
367,Pudong New
368,Chongming
369,Chongming
370,Jinshan
371,Songjiang
372,Pudong New
373,Fengxian
374,Jiading
375,Baoshan
376,Pudong New
377,Jiading
378,Pudong New
379,Chongming
380,Pudong New
381,Qingpu
382,Minhang
383,Chongming
384,Jinshan
385,Qingpu
386,Pudong New
387,Jinshan
388,Shanghai Proper
389,Minhang
390,Songjiang
391,Pudong New
392,Jinshan
393,Chongming
394,Chongming
395,Pudong New
396,Fengxian
397,Jinshan
398,Shanghai Proper
399,Chongming
400,Jinshan
401,Pudong New
402,Jiading
403,Jiading
404,Jinshan
405,Jinshan
406,Shanghai Proper
407,Chongming
408,Jinshan
409,Jinshan
410,Chongming
411,Jiading
412,Songjiang
413,Jiading
414,Chongming
415,Chongming
416,Jiading
417,Pudong New
418,Songjiang
419,Qingpu
420,Chongming
421,Qingpu
422,Qingpu
423,Pudong New
424,Songjiang
425,Baoshan
426,Qingpu
427,Pudong New
428,Chongming
429,Qingpu
430,Baoshan
431,Minhang
432,Chongming
433,Pudong New
434,Songjiang
435,Chongming
436,Pudong New
437,Pudong New
438,Jinshan
439,Jinshan
440,Jiading
441,Jinshan
442,Qingpu
443,Qingpu
444,Fengxian
445,Chongming
446,Qingpu
447,Baoshan
448,Minhang
449,Songjiang
450,Pudong New
451,Songjiang
452,Fengxian
453,Chongming
454,Baoshan
455,Jiading
456,Pudong New
457,Chongming
458,Qingpu
459,Jinshan
460,Pudong New
461,Qingpu
462,Chongming
463,Baoshan
464,Jinshan
465,Qingpu
466,Songjiang
467,Jinshan
468,Songjiang
469,Jiading
470,Minhang
471,Pudong New
472,Jiading
473,Chongming
474,Pudong New
475,Jinshan
476,Minhang
477,Qingpu
478,Shanghai Proper
479,Minhang
480,Minhang
481,Pudong New
482,Minhang
483,Chongming
484,Fengxian
485,Pudong New
486,Jiading
487,Chongming
488,Pudong New
489,Qingpu
490,Pudong New
491,Fengxian
492,Pudong New
493,Pudong New
494,Qingpu
495,Jiading
496,Jiading
497,Minhang
498,Songjiang
499,Jiading
500,Fengxian
501,Fengxian
502,Chongming
503,Chongming
504,Qingpu
505,Fengxian
506,Songjiang
507,Baoshan
508,Pudong New
509,Pudong New
510,Fengxian
511,Pudong New
512,Qingpu
513,Qingpu
514,Pudong New
515,Jiading
516,Songjiang
517,Fengxian
518,Jiading
519,Fengxian
520,Pudong New
521,Pudong New
522,Qingpu
523,Minhang
524,Qingpu
525,Fengxian
526,Qingpu
527,Baoshan
528,Songjiang
529,Songjiang
530,Chongming
531,Pudong New
532,Fengxian
533,Shanghai Proper
534,Jiading
535,Qingpu
536,Minhang
537,Songjiang
538,Jinshan
539,Chongming
540,Minhang
541,Jiading
542,Jinshan
543,Pudong New
544,Qingpu
545,Pudong New
546,Chongming
547,Fengxian
548,Fengxian
549,Chongming
550,Songjiang
551,Chongming
552,Jinshan
553,Shanghai Proper
554,Baoshan
555,Songjiang
556,Pudong New
557,Songjiang
558,Jinshan
559,Chongming
560,Jinshan
561,Minhang
562,Pudong New
563,Minhang
564,Baoshan
565,Fengxian
566,Chongming
567,Pudong New
568,Qingpu
569,Pudong New
570,Chongming
571,Qingpu
572,Chongming
573,Qingpu
574,Jinshan
575,Baoshan
576,Fengxian
577,Chongming
578,Chongming
579,Minhang
580,Pudong New
581,Fengxian
582,Chongming
583,Pudong New
584,Pudong New
585,Chongming
586,Chongming
587,Qingpu
588,Chongming
589,Chongming
590,Songjiang
591,Minhang
592,Fengxian
593,Minhang
594,Chongming
595,Chongming
596,Fengxian
597,Qingpu
598,Fengxian
599,Chongming
600,Pudong New
601,Minhang
602,Jiading
603,Pudong New
604,Jiading
605,Chongming
606,Chongming
607,Pudong New
608,Chongming
609,Songjiang
610,Pudong New
611,Jiading
612,Pudong New
613,Jiading
614,Jiading
615,Pudong New
616,Qingpu
617,Chongming
618,Songjiang
619,Pudong New
620,Pudong New
621,Jiading
622,Pudong New
623,Chongming
624,Pudong New
625,Chongming
626,Pudong New
627,Songjiang
628,Qingpu
629,Songjiang
630,Chongming
631,Chongming
632,Jiading
633,Chongming
634,Fengxian
635,Pudong New
636,Fengxian
637,Pudong New
638,Chongming
639,Chongming
640,Chongming
641,Jiading
642,Jiading
643,Pudong New
644,Pudong New
645,Songjiang
646,Minhang
647,Baoshan
648,Fengxian
649,Baoshan
650,Qingpu
651,Songjiang
652,Chongming
653,Chongming
654,Chongming
655,Chongming
656,Baoshan
657,Chongming
658,Fengxian
659,Qingpu
660,Songjiang
661,Jinshan
662,Jiading
663,Pudong New
664,Shanghai Proper
665,Chongming
666,Chongming
667,Baoshan
668,Qingpu
669,Pudong New
670,Pudong New
671,Songjiang
672,Songjiang
673,Jiading
674,Chongming
675,Chongming
676,Jinshan
677,Chongming
678,Pudong New
679,Chongming
680,Qingpu
681,Chongming
682,Pudong New
683,Pudong New
684,Jiading
685,Jiading
686,Pudong New
687,Chongming
688,Shanghai Proper
689,Chongming
690,Shanghai Proper
691,Qingpu
692,Baoshan
693,Minhang
694,Chongming
695,Jinshan
696,Baoshan
697,Pudong New
698,Pudong New
699,Jiading
700,Pudong New
701,Chongming
702,Pudong New
703,Chongming
704,Jinshan
705,Songjiang
706,Chongming
707,Chongming
708,Minhang
709,Chongming
710,Fengxian
711,Chongming
712,Chongming
713,Chongming
714,Minhang
715,Jinshan
716,Pudong New
717,Minhang
718,Chongming
719,Chongming
720,Jinshan
721,Fengxian
722,Pudong New
723,Minhang
724,Baoshan
725,Minhang
726,Pudong New
727,Pudong New
728,Jinshan
729,Qingpu
730,Jiading
731,Fengxian
732,Qingpu
733,Chongming
734,Songjiang
735,Jiading
736,Chongming
737,Jinshan
738,Jiading
739,Chongming
740,Pudong New
741,Minhang
742,Chongming
743,Jiading
744,Chongming
745,Fengxian
746,Chongming
747,Qingpu
748,Fengxian
749,Chongming
750,Fengxian
751,Songjiang
752,Chongming
753,Qingpu
754,Minhang
755,Pudong New
756,Fengxian
757,Fengxian
758,Songjiang
759,Chongming
760,Baoshan
761,Pudong New
762,Jiading
763,Qingpu
764,Pudong New
765,Pudong New
766,Chongming
767,Jiading
768,Baoshan
769,Pudong New
770,Minhang
771,Chongming
772,Jiading
773,Qingpu
774,Pudong New
775,Jiading
776,Fengxian
777,Pudong New
778,Chongming
779,Songjiang
780,Baoshan
781,Songjiang
782,Pudong New
783,Qingpu
784,Songjiang
785,Pudong New
786,Fengxian
787,Jinshan
788,Jinshan
789,Chongming
790,Pudong New
791,Songjiang
792,Qingpu
793,Jiading
794,Songjiang
795,Pudong New
796,Qingpu
797,Qingpu
798,Songjiang
799,Minhang
800,Shanghai Proper
801,Chongming
802,Minhang
803,Qingpu
804,Qingpu
805,Pudong New
806,Fengxian
807,Minhang
808,Pudong New
809,Chongming
810,Chongming
811,Baoshan
812,Chongming
813,Jinshan
814,Pudong New
815,Chongming
816,Baoshan
817,Pudong New
818,Fengxian
819,Minhang
820,Minhang
821,Jiading
822,Minhang
823,Chongming
824,Pudong New
825,Pudong New
826,Fengxian
827,Pudong New
828,Songjiang
829,Qingpu
830,Minhang
831,Chongming
832,Fengxian
833,Qingpu
834,Chongming
835,Pudong New
836,Fengxian
837,Pudong New
838,Shanghai Proper
839,Fengxian
840,Chongming
841,Minhang
842,Fengxian
843,Fengxian
844,Pudong New
845,Jinshan
846,Pudong New
847,Chongming
848,Baoshan
849,Jiading
850,Chongming
851,Songjiang
852,Chongming
853,Baoshan
854,Songjiang
855,Minhang
856,Minhang
857,Shanghai Proper
858,Pudong New
859,Minhang
860,Jinshan
861,Songjiang
862,Jinshan
863,Songjiang
864,Jinshan
865,Jiading
866,Jiading
867,Pudong New
868,Fengxian
869,Songjiang
870,Chongming
871,Fengxian
872,Qingpu
873,Jinshan
874,Qingpu
875,Jiading
876,Chongming
877,Songjiang
878,Songjiang
879,Songjiang
880,Chongming
881,Fengxian
882,Chongming
883,Chongming
884,Chongming
885,Chongming
886,Pudong New
887,Pudong New
888,Baoshan
889,Jinshan
890,Chongming
891,Baoshan
892,Chongming
893,Jinshan
894,Chongming
895,Chongming
896,Chongming
897,Pudong New
898,Chongming
899,Chongming
900,Chongming
901,Qingpu
902,Pudong New
903,Jinshan
904,Jinshan
905,Jinshan
906,Pudong New
907,Qingpu
908,Minhang
909,Songjiang
910,Songjiang
911,Songjiang
912,Jiading
913,Baoshan
914,Baoshan
915,Pudong New
916,Jinshan
917,Jiading
918,Pudong New
919,Pudong New
920,Chongming
921,Fengxian
922,Qingpu
923,Jinshan
924,Jinshan
925,Chongming
926,Chongming
927,Chongming
928,Qingpu
929,Jinshan
930,Jinshan
931,Pudong New
932,Pudong New
933,Fengxian
934,Baoshan
935,Baoshan
936,Shanghai Proper
937,Chongming
938,Songjiang
939,Baoshan
940,Chongming
941,Chongming
942,Pudong New
943,Baoshan
944,Baoshan
945,Chongming
946,Qingpu
947,Jiading
948,Qingpu
949,Chongming
950,Minhang
951,Pudong New
952,Chongming
953,Baoshan
954,Pudong New
955,Chongming
956,Songjiang
957,Jinshan
958,Baoshan
959,Jiading
960,Chongming
961,Pudong New
962,Chongming
963,Qingpu
964,Chongming
965,Jinshan
966,Baoshan
967,Qingpu
968,Chongming
969,Baoshan
970,Baoshan
971,Songjiang
972,Baoshan
973,Jinshan
974,Fengxian
975,Chongming
976,Qingpu
977,Baoshan
978,Chongming
979,Chongming
980,Minhang
981,Jinshan
982,Songjiang
983,Fengxian
984,Qingpu
985,Qingpu
986,Pudong New
987,Jiading
988,Fengxian
989,Songjiang
990,Chongming
991,Qingpu
992,Jinshan
993,Fengxian
994,Qingpu
995,Chongming
996,Qingpu
997,Qingpu
998,Minhang
999,Jinshan
1000,Minhang
1001,Qingpu
1002,Pudong New
1003,Minhang
1004,Chongming
1005,Chongming
1006,Chongming
1007,Chongming
1008,Fengxian
1009,Jiading
1010,Qingpu
1011,Songjiang
1012,Qingpu
1013,Fengxian
1014,Jiading
1015,Songjiang
1016,Pudong New
1017,Qingpu
1018,Pudong New
1019,Qingpu
1020,Qingpu
1021,Pudong New
1022,Songjiang
1023,Fengxian
1024,Pudong New
1025,Pudong New
1026,Songjiang
1027,Songjiang
1028,Fengxian
1029,Qingpu
1030,Shanghai Proper
1031,Songjiang
1032,Fengxian
1033,Songjiang
1034,Baoshan
1035,Jiading
1036,Jinshan
1037,Jinshan
1038,Qingpu
1039,Chongming
1040,Minhang
1041,Chongming
1042,Pudong New
1043,Minhang
1044,Pudong New
1045,Qingpu
1046,Chongming
1047,Jinshan
1048,Fengxian
1049,Chongming
1050,Chongming
1051,Pudong New
1052,Pudong New
1053,Pudong New
1054,Qingpu
1055,Chongming
1056,Chongming
1057,Songjiang
1058,Jiading
1059,Pudong New
1060,Baoshan
1061,Baoshan
1062,Jiading
1063,Jinshan
1064,Jiading
1065,Jinshan
1066,Songjiang
1067,Qingpu
1068,Chongming
1069,Jinshan
1070,Chongming
1071,Chongming
1072,Baoshan
1073,Jinshan
1074,Chongming
1075,Baoshan
1076,Minhang
1077,Baoshan
1078,Songjiang
1079,Pudong New
1080,Chongming
1081,Songjiang
1082,Jiading
1083,Fengxian
1084,Jiading
1085,Chongming
1086,Chongming
1087,Chongming
1088,Pudong New
1089,Fengxian
1090,Songjiang
1091,Chongming
1092,Pudong New
1093,Chongming
1094,Qingpu
1095,Pudong New
1096,Pudong New
1097,Chongming
1098,Songjiang
1099,Jinshan
1100,Pudong New
1101,Minhang
1102,Jinshan
1103,Minhang
1104,Jinshan
1105,Jiading
1106,Songjiang
1107,Jinshan
1108,Baoshan
1109,Chongming
1110,Pudong New
1111,Jinshan
1112,Chongming
1113,Fengxian
1114,Jiading
1115,Jinshan
1116,Qingpu
1117,Jiading
1118,Songjiang
1119,Jinshan
1120,Qingpu
1121,Jinshan
1122,Jinshan
1123,Qingpu
1124,Chongming
1125,Songjiang
1126,Pudong New
1127,Chongming
1128,Qingpu
1129,Pudong New
1130,Jiading
1131,Minhang
1132,Jinshan
1133,Qingpu
1134,Chongming
1135,Qingpu
1136,Chongming
1137,Chongming
1138,Qingpu
1139,Chongming
1140,Pudong New
1141,Fengxian
1142,Pudong New
1143,Shanghai Proper
1144,Jiading
1145,Jinshan
1146,Pudong New
1147,Qingpu
1148,Baoshan
1149,Chongming
1150,Songjiang
1151,Pudong New
1152,Chongming
1153,Chongming
1154,Baoshan
1155,Chongming
1156,Qingpu
1157,Chongming
1158,Jinshan
1159,Pudong New
1160,Minhang
1161,Chongming
1162,Fengxian
1163,Chongming
1164,Fengxian
1165,Pudong New
1166,Songjiang
1167,Pudong New
1168,Qingpu
1169,Qingpu
1170,Fengxian
1171,Fengxian
1172,Fengxian
1173,Songjiang
1174,Qingpu
1175,Songjiang
1176,Baoshan
1177,Shanghai Proper
1178,Jinshan
1179,Songjiang
1180,Qingpu
1181,Songjiang
1182,Chongming
1183,Qingpu
1184,Qingpu
1185,Songjiang
1186,Chongming
1187,Jinshan
1188,Jiading
1189,Songjiang
1190,Songjiang
1191,Pudong New
1192,Baoshan
1193,Fengxian
1194,Jiading
1195,Chongming
1196,Pudong New
1197,Fengxian
1198,Chongming
1199,Jiading
1200,Fengxian
1201,Shanghai Proper
1202,Qingpu
1203,Shanghai Proper
1204,Jinshan
1205,Qingpu
1206,Minhang
1207,Songjiang
1208,Chongming
1209,Minhang
1210,Qingpu
1211,Qingpu
1212,Minhang
1213,Pudong New
1214,Chongming
1215,Songjiang
1216,Songjiang
1217,Jiading
1218,Baoshan
1219,Pudong New
1220,Chongming
1221,Pudong New
1222,Qingpu
1223,Fengxian
1224,Pudong New
1225,Minhang
1226,Pudong New
1227,Pudong New
1228,Songjiang
1229,Chongming
1230,Fengxian
1231,Jiading
1232,Baoshan
1233,Chongming
1234,Songjiang
1235,Fengxian
1236,Qingpu
1237,Songjiang
1238,Fengxian
1239,Fengxian
1240,Songjiang
1241,Songjiang
1242,Fengxian
1243,Baoshan
1244,Baoshan
1245,Chongming
1246,Minhang
1247,Pudong New
1248,Songjiang
1249,Pudong New
1250,Pudong New
1251,Pudong New
1252,Songjiang
1253,Jiading
1254,Pudong New
1255,Chongming
1256,Pudong New
1257,Pudong New
1258,Pudong New
1259,Chongming
1260,Baoshan
1261,Minhang
1262,Pudong New
1263,Chongming
1264,Pudong New
1265,Chongming
1266,Pudong New
1267,Minhang
1268,Pudong New
1269,Chongming
1270,Jiading
1271,Pudong New
1272,Chongming
1273,Qingpu
1274,Pudong New
1275,Jinshan
1276,Fengxian
1277,Songjiang
1278,Baoshan
1279,Chongming
1280,Chongming
1281,Songjiang
1282,Fengxian
1283,Jinshan
1284,Pudong New
1285,Chongming
1286,Fengxian
1287,Baoshan
1288,Songjiang
1289,Jiading
1290,Songjiang
1291,Chongming
1292,Jinshan
1293,Baoshan
1294,Songjiang
1295,Qingpu
1296,Pudong New
1297,Minhang
1298,Jiading
1299,Chongming
1300,Minhang
1301,Qingpu
1302,Jiading
1303,Qingpu
1304,Songjiang
1305,Qingpu
1306,Chongming
1307,Chongming
1308,Fengxian
1309,Chongming
1310,Shanghai Proper
1311,Qingpu
1312,Chongming
1313,Jiading
1314,Jinshan
1315,Jinshan
1316,Qingpu
1317,Fengxian
1318,Pudong New
1319,Jiading
1320,Fengxian
1321,Songjiang
1322,Minhang
1323,Pudong New
1324,Fengxian
1325,Chongming
1326,Minhang
1327,Jiading
1328,Songjiang
1329,Qingpu
1330,Songjiang
1331,Baoshan
1332,Jiading
1333,Chongming
1334,Chongming
1335,Baoshan
1336,Shanghai Proper
1337,Chongming
1338,Chongming
1339,Chongming
1340,Shanghai Proper
1341,Qingpu
1342,Jiading
1343,Jiading
1344,Pudong New
1345,Jinshan
1346,Pudong New
1347,Shanghai Proper
1348,Chongming
1349,Baoshan
1350,Jinshan
1351,Jinshan
1352,Shanghai Proper
1353,Fengxian
1354,Jinshan
1355,Shanghai Proper
1356,Minhang
1357,Baoshan
1358,Fengxian
1359,Qingpu
1360,Jinshan
1361,Chongming
1362,Chongming
1363,Pudong New
1364,Pudong New
1365,Fengxian
1366,Jinshan
1367,Songjiang
1368,Chongming
1369,Fengxian
1370,Qingpu
1371,Pudong New
1372,Qingpu
1373,Minhang
1374,Pudong New
1375,Chongming
1376,Qingpu
1377,Jinshan
1378,Pudong New
1379,Pudong New
1380,Baoshan
1381,Pudong New
1382,Chongming
1383,Shanghai Proper
1384,Baoshan
1385,Shanghai Proper
1386,Jinshan
1387,Songjiang
1388,Jiading
1389,Fengxian
1390,Fengxian
1391,Baoshan
1392,Chongming
1393,Qingpu
1394,Pudong New
1395,Jinshan
1396,Chongming
1397,Chongming
1398,Jinshan
1399,Chongming
1400,Chongming
1401,Baoshan
1402,Baoshan
1403,Fengxian
1404,Qingpu
1405,Songjiang
1406,Baoshan
1407,Fengxian
1408,Qingpu
1409,Songjiang
1410,Jinshan
1411,Jiading
1412,Pudong New
1413,Jinshan
1414,Qingpu
1415,Pudong New
1416,Qingpu
1417,Jiading
1418,Minhang
1419,Songjiang
1420,Jinshan
1421,Jiading
1422,Fengxian
1423,Pudong New
1424,Qingpu
1425,Qingpu
1426,Baoshan
1427,Fengxian
1428,Pudong New
1429,Songjiang
1430,Shanghai Proper
1431,Baoshan
1432,Chongming
1433,Pudong New
1434,Fengxian
1435,Qingpu
1436,Pudong New
1437,Jinshan
1438,Baoshan
1439,Minhang
1440,Jinshan
1441,Jinshan
1442,Jinshan
1443,Pudong New
1444,Jiading
1445,Chongming
1446,Pudong New
1447,Fengxian
1448,Jinshan
1449,Pudong New
1450,Fengxian
1451,Fengxian
1452,Chongming
1453,Minhang
1454,Minhang
1455,Fengxian
1456,Pudong New
1457,Jiading
1458,Jinshan
1459,Qingpu
1460,Fengxian
1461,Chongming
1462,Chongming
1463,Jinshan
1464,Qingpu
1465,Chongming
1466,Fengxian
1467,Songjiang
1468,Chongming
1469,Fengxian
1470,Baoshan
1471,Jinshan
1472,Fengxian
1473,Jinshan
1474,Jinshan
1475,Minhang
1476,Fengxian
1477,Baoshan
1478,Chongming
1479,Qingpu
1480,Shanghai Proper
1481,Chongming
1482,Songjiang
1483,Qingpu
1484,Pudong New
1485,Qingpu
1486,Pudong New
1487,Pudong New
1488,Minhang
1489,Chongming
1490,Pudong New
1491,Baoshan
1492,Chongming
1493,Songjiang
1494,Jiading
1495,Chongming
1496,Songjiang
1497,Pudong New
1498,Pudong New
1499,Qingpu
1500,Jiading
1501,Qingpu
1502,Chongming
1503,Pudong New
1504,Qingpu
1505,Shanghai Proper
1506,Jinshan
1507,Songjiang
1508,Jinshan
1509,Qingpu
1510,Minhang
1511,Minhang
1512,Fengxian
1513,Qingpu
1514,Chongming
1515,Fengxian
1516,Jiading
1517,Songjiang
1518,Chongming
1519,Jinshan
1520,Chongming
1521,Chongming
1522,Pudong New
1523,Minhang
1524,Pudong New
1525,Jinshan
1526,Chongming
1527,Chongming
1528,Shanghai Proper
1529,Pudong New
1530,Fengxian
1531,Pudong New
1532,Pudong New
1533,Minhang
1534,Qingpu
1535,Shanghai Proper
1536,Shanghai Proper
1537,Pudong New
1538,Jiading
1539,Chongming
1540,Songjiang
1541,Chongming
1542,Jinshan
1543,Jinshan
1544,Songjiang
1545,Qingpu
1546,Minhang
1547,Jinshan
1548,Minhang
1549,Jinshan
1550,Pudong New
1551,Qingpu
1552,Songjiang
1553,Pudong New
1554,Pudong New
1555,Chongming
1556,Fengxian
1557,Jinshan
1558,Jiading
1559,Jiading
1560,Jinshan
1561,Jinshan
1562,Fengxian
1563,Pudong New
1564,Jinshan
1565,Pudong New
1566,Baoshan
1567,Baoshan
1568,Jiading
1569,Songjiang
1570,Songjiang
1571,Chongming
1572,Baoshan
1573,Chongming
1574,Qingpu
1575,Pudong New
1576,Baoshan
1577,Pudong New
1578,Pudong New
1579,Jinshan
1580,Qingpu
1581,Chongming
1582,Baoshan
1583,Jinshan
1584,Qingpu
1585,Chongming
1586,Pudong New
1587,Chongming
1588,Pudong New
1589,Jinshan
1590,Baoshan
1591,Fengxian
1592,Jinshan
1593,Baoshan
1594,Chongming
1595,Jinshan
1596,Pudong New
1597,Jinshan
1598,Songjiang
1599,Fengxian
1600,Pudong New
1601,Baoshan
1602,Jiading
1603,Jiading
1604,Songjiang
1605,Pudong New
1606,Qingpu
1607,Minhang
1608,Pudong New
1609,Jinshan
1610,Jinshan
1611,Minhang
1612,Pudong New
1613,Qingpu
1614,Chongming
1615,Pudong New
1616,Baoshan
1617,Fengxian
1618,Fengxian
1619,Songjiang
1620,Shanghai Proper
1621,Baoshan
1622,Qingpu
1623,Fengxian
1624,Pudong New
1625,Qingpu
1626,Shanghai Proper
1627,Chongming
1628,Fengxian
1629,Chongming
1630,Jinshan
1631,Jiading
1632,Chongming
1633,Jinshan
1634,Shanghai Proper
1635,Chongming
1636,Songjiang
1637,Baoshan
1638,Minhang
1639,Pudong New
1640,Jiading
1641,Chongming
1642,Qingpu
1643,Minhang
1644,Jinshan
1645,Pudong New
1646,Minhang
1647,Chongming
1648,Baoshan
1649,Pudong New
1650,Pudong New
1651,Jinshan
1652,Jinshan
1653,Chongming
1654,Qingpu
1655,Jinshan
1656,Chongming
1657,Songjiang
1658,Jiading
1659,Jinshan
1660,Songjiang
1661,Baoshan
1662,Jinshan
1663,Chongming
1664,Pudong New
1665,Fengxian
1666,Songjiang
1667,Jiading
1668,Songjiang
1669,Minhang
1670,Shanghai Proper
1671,Qingpu
1672,Qingpu
1673,Jinshan
1674,Pudong New
1675,Qingpu
1676,Jiading
1677,Songjiang
1678,Minhang
1679,Pudong New
1680,Pudong New
1681,Qingpu
1682,Jiading
1683,Songjiang
1684,Minhang
1685,Chongming
1686,Qingpu
1687,Minhang
1688,Chongming
1689,Fengxian
1690,Fengxian
1691,Pudong New
1692,Qingpu
1693,Shanghai Proper
1694,Pudong New
1695,Chongming
1696,Pudong New
1697,Qingpu
1698,Fengxian
1699,Jinshan
1700,Jiading
1701,Jiading
1702,Minhang
1703,Fengxian
1704,Songjiang
1705,Qingpu
1706,Jiading
1707,Jinshan
1708,Jinshan
1709,Jiading
1710,Fengxian
1711,Baoshan
1712,Jinshan
1713,Qingpu
1714,Chongming
1715,Songjiang
1716,Minhang
1717,Minhang
1718,Chongming
1719,Fengxian
1720,Chongming
1721,Fengxian
1722,Chongming
1723,Jinshan
1724,Jiading
1725,Qingpu
1726,Fengxian
1727,Shanghai Proper
1728,Chongming
1729,Jiading
1730,Qingpu
1731,Jinshan
1732,Jinshan
1733,Qingpu
1734,Qingpu
1735,Chongming
1736,Chongming
1737,Shanghai Proper
1738,Minhang
1739,Pudong New
1740,Jinshan
1741,Fengxian
1742,Pudong New
1743,Jinshan
1744,Pudong New
1745,Fengxian
1746,Shanghai Proper
1747,Baoshan
1748,Chongming
1749,Chongming
1750,Fengxian
1751,Chongming
1752,Qingpu
1753,Jiading
1754,Jiading
1755,Chongming
1756,Jinshan
1757,Chongming
1758,Chongming
1759,Pudong New
1760,Jinshan
1761,Fengxian
1762,Chongming
1763,Pudong New
1764,Pudong New
1765,Fengxian
1766,Fengxian
1767,Pudong New
1768,Jiading
1769,Pudong New
1770,Shanghai Proper
1771,Fengxian
1772,Qingpu
1773,Songjiang
1774,Chongming
1775,Jiading
1776,Fengxian
1777,Pudong New
1778,Songjiang
1779,Shanghai Proper
1780,Jiading
1781,Qingpu
1782,Jiading
1783,Pudong New
1784,Jiading
1785,Minhang
1786,Chongming
1787,Jinshan
1788,Fengxian
1789,Qingpu
1790,Jiading
1791,Chongming
1792,Baoshan
1793,Chongming
1794,Songjiang
1795,Shanghai Proper
1796,Chongming
1797,Fengxian
1798,Pudong New
1799,Songjiang
1800,Minhang
1801,Songjiang
1802,Fengxian
1803,Minhang
1804,Minhang
1805,Chongming
1806,Qingpu
1807,Qingpu
1808,Minhang
1809,Jinshan
1810,Chongming
1811,Chongming
1812,Chongming
1813,Chongming
1814,Minhang
1815,Chongming
1816,Fengxian
1817,Baoshan
1818,Baoshan
1819,Jiading
1820,Songjiang
1821,Jinshan
1822,Chongming
1823,Fengxian
1824,Pudong New
1825,Minhang
1826,Jiading
1827,Songjiang
1828,Songjiang
1829,Minhang
1830,Pudong New
1831,Fengxian
1832,Jiading
1833,Chongming
1834,Qingpu
1835,Chongming
1836,Jinshan
1837,Minhang
1838,Chongming
1839,Fengxian
1840,Baoshan
1841,Fengxian
1842,Jiading
1843,Fengxian
1844,Pudong New
1845,Baoshan
1846,Qingpu
1847,Fengxian
1848,Pudong New
1849,Minhang
1850,Chongming
1851,Qingpu
1852,Chongming
1853,Baoshan
1854,Jinshan
1855,Pudong New
1856,Minhang
1857,Chongming
1858,Jinshan
1859,Baoshan
1860,Jiading
1861,Chongming
1862,Minhang
1863,Pudong New
1864,Pudong New
1865,Songjiang
1866,Chongming
1867,Pudong New
1868,Pudong New
1869,Minhang
1870,Jiading
1871,Pudong New
1872,Chongming
1873,Jinshan
1874,Chongming
1875,Jiading
1876,Pudong New
1877,Chongming
1878,Pudong New
1879,Baoshan
1880,Jiading
1881,Chongming
1882,Qingpu
1883,Pudong New
1884,Chongming
1885,Jinshan
1886,Baoshan
1887,Pudong New
1888,Songjiang
1889,Qingpu
1890,Chongming
1891,Chongming
1892,Jinshan
1893,Fengxian
1894,Fengxian
1895,Pudong New
1896,Jinshan
1897,Chongming
1898,Qingpu
1899,Chongming
1900,Chongming
1901,Pudong New
1902,Songjiang
1903,Minhang
1904,Chongming
1905,Minhang
1906,Jiading
1907,Pudong New
1908,Jinshan
1909,Minhang
1910,Songjiang
1911,Pudong New
1912,Chongming
1913,Chongming
1914,Baoshan
1915,Pudong New
1916,Qingpu
1917,Pudong New
1918,Minhang
1919,Jiading
1920,Jinshan
1921,Songjiang
1922,Jinshan
1923,Chongming
1924,Chongming
1925,Fengxian
1926,Chongming
1927,Chongming
1928,Fengxian
1929,Shanghai Proper
1930,Songjiang
1931,Jiading
1932,Songjiang
1933,Qingpu
1934,Minhang
1935,Jinshan
1936,Fengxian
1937,Qingpu
1938,Chongming
1939,Pudong New
1940,Pudong New
1941,Chongming
1942,Qingpu
1943,Jiading
1944,Chongming
1945,Jinshan
1946,Qingpu
1947,Chongming
1948,Chongming
1949,Pudong New
1950,Songjiang
1951,Minhang
1952,Pudong New
1953,Jiading
1954,Jinshan
1955,Minhang
1956,Chongming
1957,Qingpu
1958,Chongming
1959,Songjiang
1960,Songjiang
1961,Pudong New
1962,Qingpu
1963,Jiading
1964,Chongming
1965,Pudong New
1966,Songjiang
1967,Minhang
1968,Chongming
1969,Fengxian
1970,Chongming
1971,Qingpu
1972,Minhang
1973,Pudong New
1974,Chongming
1975,Baoshan
1976,Baoshan
1977,Fengxian
1978,Fengxian
1979,Chongming
1980,Minhang
1981,Baoshan
1982,Baoshan
1983,Songjiang
1984,Pudong New
1985,Minhang
1986,Jinshan
1987,Jinshan
1988,Chongming
1989,Shanghai Proper
1990,Fengxian
1991,Chongming
1992,Qingpu
1993,Chongming
1994,Jinshan
1995,Chongming
1996,Jinshan
1997,Baoshan
1998,Chongming
1999,Chongming
2000,Chongming
2001,Baoshan
2002,Chongming
2003,Jiading
2004,Fengxian
2005,Fengxian
2006,Qingpu
2007,Fengxian
2008,Chongming
2009,Fengxian
2010,Fengxian
2011,Qingpu
2012,Songjiang
2013,Pudong New
2014,Fengxian
2015,Chongming
2016,Minhang
2017,Jiading
2018,Jinshan
2019,Jiading
2020,Pudong New
2021,Songjiang
2022,Pudong New
2023,Qingpu
2024,Pudong New
2025,Chongming
2026,Chongming
2027,Jinshan
2028,Pudong New
2029,Chongming
2030,Shanghai Proper
2031,Chongming
2032,Songjiang
2033,Qingpu
2034,Qingpu
2035,Songjiang
2036,Fengxian
2037,Jiading
2038,Chongming
2039,Jiading
2040,Chongming
2041,Pudong New
2042,Fengxian
2043,Chongming
2044,Jinshan
2045,Minhang
2046,Pudong New
2047,Pudong New
2048,Chongming
2049,Pudong New
2050,Baoshan
2051,Pudong New
2052,Chongming
2053,Fengxian
2054,Fengxian
2055,Songjiang
2056,Pudong New
2057,Chongming
2058,Jiading
2059,Fengxian
2060,Chongming
2061,Fengxian
2062,Pudong New
2063,Chongming
2064,Qingpu
2065,Chongming
2066,Jinshan
2067,Pudong New
2068,Songjiang
2069,Fengxian
2070,Fengxian
2071,Chongming
2072,Qingpu
2073,Chongming
2074,Fengxian
2075,Fengxian
2076,Jinshan
2077,Pudong New
2078,Fengxian
2079,Shanghai Proper
2080,Chongming
2081,Baoshan
2082,Jinshan
2083,Jiading
2084,Pudong New
2085,Qingpu
2086,Chongming
2087,Qingpu
2088,Jinshan
2089,Pudong New
2090,Minhang
2091,Chongming
2092,Fengxian
2093,Pudong New
2094,Qingpu
2095,Qingpu
2096,Songjiang
2097,Pudong New
2098,Chongming
2099,Pudong New
2100,Fengxian
2101,Jinshan
2102,Qingpu
2103,Fengxian
2104,Jiading
2105,Pudong New
2106,Fengxian
2107,Songjiang
2108,Minhang
2109,Shanghai Proper
2110,Pudong New
2111,Jinshan
2112,Chongming
2113,Jiading
2114,Fengxian
2115,Chongming
2116,Shanghai Proper
2117,Fengxian
2118,Chongming
2119,Fengxian
2120,Minhang
2121,Chongming
2122,Pudong New
2123,Jinshan
2124,Jiading
2125,Chongming
2126,Baoshan
2127,Jinshan
2128,Jinshan
2129,Songjiang
2130,Qingpu
2131,Pudong New
2132,Minhang
2133,Qingpu
2134,Pudong New
2135,Baoshan
2136,Qingpu
2137,Chongming
2138,Chongming
2139,Pudong New
2140,Baoshan
2141,Jiading
2142,Pudong New
2143,Pudong New
2144,Qingpu
2145,Pudong New
2146,Chongming
2147,Chongming
2148,Pudong New
2149,Chongming
2150,Minhang
2151,Fengxian
2152,Chongming
2153,Baoshan
2154,Baoshan
2155,Songjiang
2156,Fengxian
2157,Jinshan
2158,Qingpu
2159,Minhang
2160,Fengxian
2161,Pudong New
2162,Jiading
2163,Jinshan
2164,Fengxian
2165,Jinshan
2166,Fengxian
2167,Fengxian
2168,Pudong New
2169,Chongming
2170,Pudong New
2171,Fengxian
2172,Qingpu
2173,Chongming
2174,Qingpu
2175,Pudong New
2176,Minhang
2177,Chongming
2178,Shanghai Proper
2179,Chongming
2180,Pudong New
2181,Pudong New
2182,Pudong New
2183,Minhang
2184,Baoshan
2185,Fengxian
2186,Jiading
2187,Chongming
2188,Qingpu
2189,Fengxian
2190,Minhang
2191,Pudong New
2192,Pudong New
2193,Qingpu
2194,Qingpu
2195,Fengxian
2196,Qingpu
2197,Pudong New
2198,Fengxian
2199,Pudong New
2200,Pudong New
2201,Jinshan
2202,Fengxian
2203,Qingpu
2204,Qingpu
2205,Qingpu
2206,Qingpu
2207,Pudong New
2208,Jiading
2209,Pudong New
2210,Chongming
2211,Qingpu
2212,Baoshan
2213,Chongming
2214,Qingpu
2215,Songjiang
2216,Chongming
2217,Pudong New
2218,Minhang
2219,Chongming
2220,Baoshan
2221,Jinshan
2222,Chongming
2223,Fengxian
2224,Qingpu
2225,Chongming
2226,Qingpu
2227,Songjiang
2228,Baoshan
2229,Chongming
2230,Fengxian
2231,Minhang
2232,Jinshan
2233,Fengxian
2234,Chongming
2235,Pudong New
2236,Chongming
2237,Qingpu
2238,Fengxian
2239,Pudong New
2240,Shanghai Proper
2241,Songjiang
2242,Chongming
2243,Chongming
2244,Jinshan
2245,Pudong New
2246,Qingpu
2247,Minhang
2248,Pudong New
2249,Jiading
2250,Chongming
2251,Jiading
2252,Jinshan
2253,Minhang
2254,Jiading
2255,Songjiang
2256,Chongming
2257,Pudong New
2258,Jinshan
2259,Fengxian
2260,Baoshan
2261,Fengxian
2262,Chongming
2263,Jinshan
2264,Pudong New
2265,Pudong New
2266,Jinshan
2267,Baoshan
2268,Songjiang
2269,Songjiang
2270,Qingpu
2271,Jiading
2272,Fengxian
2273,Minhang
2274,Chongming
2275,Pudong New
2276,Fengxian
2277,Pudong New
2278,Fengxian
2279,Jiading
2280,Chongming
2281,Baoshan
2282,Minhang
2283,Fengxian
2284,Fengxian
2285,Shanghai Proper
2286,Chongming
2287,Chongming
2288,Qingpu
2289,Chongming
2290,Pudong New
2291,Chongming
2292,Qingpu
2293,Qingpu
2294,Chongming
2295,Pudong New
2296,Jiading
2297,Pudong New
2298,Baoshan
2299,Fengxian
2300,Fengxian
2301,Chongming
2302,Pudong New
2303,Chongming
2304,Fengxian
2305,Pudong New
2306,Pudong New
2307,Qingpu
2308,Songjiang
2309,Jiading
2310,Fengxian
2311,Jiading
2312,Jinshan
2313,Chongming
2314,Qingpu
2315,Qingpu
2316,Jinshan
2317,Chongming
2318,Jinshan
2319,Chongming
2320,Pudong New
2321,Jinshan
2322,Songjiang
2323,Fengxian
2324,Fengxian
2325,Songjiang
2326,Qingpu
2327,Fengxian
2328,Chongming
2329,Chongming
2330,Chongming
2331,Chongming
2332,Shanghai Proper
2333,Songjiang
2334,Chongming
2335,Chongming
2336,Pudong New
2337,Jiading
2338,Songjiang
2339,Songjiang
2340,Jiading
2341,Pudong New
2342,Chongming
2343,Qingpu
2344,Jinshan
2345,Chongming
2346,Fengxian
2347,Songjiang
2348,Qingpu
2349,Chongming
2350,Minhang
2351,Pudong New
2352,Jiading
2353,Chongming
2354,Chongming
2355,Chongming
2356,Chongming
2357,Baoshan
2358,Jiading
2359,Pudong New
2360,Pudong New
2361,Songjiang
2362,Songjiang
2363,Pudong New
2364,Pudong New
2365,Jiading
2366,Chongming
2367,Pudong New
2368,Songjiang
2369,Jiading
2370,Baoshan
2371,Pudong New
2372,Qingpu
2373,Minhang
2374,Shanghai Proper
2375,Fengxian
2376,Chongming
2377,Songjiang
2378,Chongming
2379,Jiading
2380,Chongming
2381,Qingpu
2382,Songjiang
2383,Minhang
2384,Songjiang
2385,Fengxian
2386,Pudong New
2387,Pudong New
2388,Chongming
2389,Fengxian
2390,Songjiang
2391,Minhang
2392,Pudong New
2393,Jiading
2394,Chongming
2395,Qingpu
2396,Baoshan
2397,Jiading
2398,Shanghai Proper
2399,Jiading
2400,Baoshan
2401,Songjiang
2402,Qingpu
2403,Jinshan
2404,Minhang
2405,Jinshan
2406,Qingpu
2407,Chongming
2408,Chongming
2409,Jinshan
2410,Pudong New
2411,Pudong New
2412,Fengxian
2413,Chongming
2414,Minhang
2415,Pudong New
2416,Fengxian
2417,Pudong New
2418,Pudong New
2419,Chongming
2420,Qingpu
2421,Fengxian
2422,Qingpu
2423,Pudong New
2424,Shanghai Proper
2425,Qingpu
2426,Fengxian
2427,Pudong New
2428,Jiading
2429,Qingpu
2430,Fengxian
2431,Chongming
2432,Pudong New
2433,Qingpu
2434,Chongming
2435,Jiading
2436,Fengxian
2437,Qingpu
2438,Chongming
2439,Shanghai Proper
2440,Chongming
2441,Fengxian
2442,Pudong New
2443,Jiading
2444,Pudong New
2445,Pudong New
2446,Chongming
2447,Jinshan
2448,Jiading
2449,Jinshan
2450,Fengxian
2451,Chongming
2452,Songjiang
2453,Pudong New
2454,Jinshan
2455,Minhang
2456,Qingpu
2457,Qingpu
2458,Pudong New
2459,Qingpu
2460,Chongming
2461,Fengxian
2462,Qingpu
2463,Pudong New
2464,Jiading
2465,Chongming
2466,Fengxian
2467,Minhang
2468,Chongming
2469,Baoshan
2470,Chongming
2471,Fengxian
2472,Pudong New
2473,Qingpu
2474,Qingpu
2475,Jinshan
2476,Pudong New
2477,Songjiang
2478,Fengxian
2479,Chongming
2480,Shanghai Proper
2481,Minhang
2482,Chongming
2483,Chongming
2484,Chongming
2485,Pudong New
2486,Fengxian
2487,Baoshan
2488,Pudong New
2489,Jinshan
2490,Fengxian
2491,Pudong New
2492,Qingpu
2493,Baoshan
2494,Chongming
2495,Minhang
2496,Jiading
2497,Jiading
2498,Pudong New
2499,Jinshan
2500,Chongming
2501,Songjiang
2502,Chongming
2503,Chongming
2504,Qingpu
2505,Baoshan
2506,Chongming
2507,Chongming
2508,Songjiang
2509,Minhang
2510,Pudong New
2511,Chongming
2512,Pudong New
2513,Fengxian
2514,Songjiang
2515,Chongming
2516,Jinshan
2517,Jinshan
2518,Shanghai Proper
2519,Jinshan
2520,Fengxian
2521,Fengxian
2522,Minhang
2523,Chongming
2524,Fengxian
2525,Chongming
2526,Chongming
2527,Songjiang
2528,Qingpu
2529,Pudong New
2530,Chongming
2531,Baoshan
2532,Songjiang
2533,Minhang
2534,Pudong New
2535,Fengxian
2536,Pudong New
2537,Pudong New
2538,Baoshan
2539,Fengxian
2540,Qingpu
2541,Qingpu
2542,Chongming
2543,Chongming
2544,Pudong New
2545,Songjiang
2546,Baoshan
2547,Chongming
2548,Pudong New
2549,Chongming
2550,Jinshan
2551,Qingpu
2552,Songjiang
2553,Chongming
2554,Songjiang
2555,Minhang
2556,Qingpu
2557,Jiading
2558,Baoshan
2559,Qingpu
2560,Minhang
2561,Shanghai Proper
2562,Pudong New
2563,Pudong New
2564,Songjiang
2565,Qingpu
2566,Pudong New
2567,Songjiang
2568,Songjiang
2569,Qingpu
2570,Pudong New
2571,Songjiang
2572,Qingpu
2573,Minhang
2574,Jiading
2575,Pudong New
2576,Jinshan
2577,Songjiang
2578,Fengxian
2579,Qingpu
2580,Songjiang
2581,Songjiang
2582,Jinshan
2583,Chongming
2584,Songjiang
2585,Fengxian
2586,Fengxian
2587,Fengxian
2588,Chongming
2589,Pudong New
2590,Pudong New
2591,Jinshan
2592,Chongming
2593,Minhang
2594,Chongming
2595,Jiading
2596,Minhang
2597,Chongming
2598,Minhang
2599,Chongming
2600,Pudong New
2601,Minhang
2602,Chongming
2603,Qingpu
2604,Pudong New
2605,Fengxian
2606,Chongming
2607,Fengxian
2608,Qingpu
2609,Chongming
2610,Shanghai Proper
2611,Minhang
2612,Chongming
2613,Songjiang
2614,Baoshan
2615,Qingpu
2616,Songjiang
2617,Pudong New
2618,Pudong New
2619,Chongming
2620,Shanghai Proper
2621,Chongming
2622,Minhang
2623,Pudong New
2624,Pudong New
2625,Jinshan
2626,Fengxian
2627,Fengxian
2628,Pudong New
2629,Jinshan
2630,Pudong New
2631,Baoshan
2632,Pudong New
2633,Pudong New
2634,Jiading
2635,Chongming
2636,Fengxian
2637,Songjiang
2638,Songjiang
2639,Baoshan
2640,Pudong New
2641,Pudong New
2642,Pudong New
2643,Chongming
2644,Pudong New
2645,Songjiang
2646,Chongming
2647,Songjiang
2648,Songjiang
2649,Chongming
2650,Qingpu
2651,Qingpu
2652,Chongming
2653,Qingpu
2654,Chongming
2655,Fengxian
2656,Qingpu
2657,Chongming
2658,Songjiang
2659,Jiading
2660,Chongming
2661,Songjiang
2662,Qingpu
2663,Pudong New
2664,Chongming
2665,Pudong New
2666,Minhang
2667,Jinshan
2668,Jinshan
2669,Pudong New
2670,Qingpu
2671,Chongming
2672,Pudong New
2673,Songjiang
2674,Chongming
2675,Qingpu
2676,Songjiang
2677,Pudong New
2678,Fengxian
2679,Songjiang
2680,Qingpu
2681,Chongming
2682,Pudong New
2683,Qingpu
2684,Fengxian
2685,Chongming
2686,Chongming
2687,Jinshan
2688,Chongming
2689,Pudong New
2690,Qingpu
2691,Qingpu
2692,Songjiang
2693,Pudong New
2694,Qingpu
2695,Baoshan
2696,Songjiang
2697,Chongming
2698,Chongming
2699,Fengxian
2700,Chongming
2701,Qingpu
2702,Songjiang
2703,Chongming
2704,Pudong New
2705,Minhang
2706,Fengxian
2707,Fengxian
2708,Jinshan
2709,Qingpu
2710,Jinshan
2711,Chongming
2712,Fengxian
2713,Chongming
2714,Pudong New
2715,Jiading
2716,Fengxian
2717,Qingpu
2718,Pudong New
2719,Jinshan
2720,Qingpu
2721,Pudong New
2722,Fengxian
2723,Minhang
2724,Fengxian
2725,Pudong New
2726,Fengxian
2727,Songjiang
2728,Chongming
2729,Pudong New
2730,Jinshan
2731,Jinshan
2732,Qingpu
2733,Pudong New
2734,Jinshan
2735,Fengxian
2736,Chongming
2737,Songjiang
2738,Chongming
2739,Chongming
2740,Jinshan
2741,Chongming
2742,Chongming
2743,Minhang
2744,Pudong New
2745,Chongming
2746,Jinshan
2747,Qingpu
2748,Chongming
2749,Chongming
2750,Qingpu
2751,Jiading
2752,Fengxian
2753,Chongming
2754,Pudong New
2755,Jiading
2756,Jinshan
2757,Pudong New
2758,Chongming
2759,Jinshan
2760,Pudong New
2761,Baoshan
2762,Songjiang
2763,Chongming
2764,Fengxian
2765,Shanghai Proper
2766,Shanghai Proper
2767,Baoshan
2768,Songjiang
2769,Minhang
2770,Pudong New
2771,Pudong New
2772,Chongming
2773,Chongming
2774,Qingpu
2775,Chongming
2776,Qingpu
2777,Pudong New
2778,Pudong New
2779,Qingpu
2780,Pudong New
2781,Pudong New
2782,Pudong New
2783,Minhang
2784,Chongming
2785,Qingpu
2786,Songjiang
2787,Songjiang
2788,Baoshan
2789,Qingpu
2790,Chongming
2791,Baoshan
2792,Jinshan
2793,Minhang
2794,Chongming
2795,Jinshan
2796,Chongming
2797,Songjiang
2798,Chongming
2799,Chongming
2800,Songjiang
2801,Songjiang
2802,Jiading
2803,Jinshan
2804,Pudong New
2805,Qingpu
2806,Jinshan
2807,Jiading
2808,Jiading
2809,Chongming
2810,Chongming
2811,Minhang
2812,Fengxian
2813,Chongming
2814,Qingpu
2815,Jinshan
2816,Songjiang
2817,Pudong New
2818,Pudong New
2819,Chongming
2820,Pudong New
2821,Fengxian
2822,Chongming
2823,Pudong New
2824,Pudong New
2825,Chongming
2826,Jinshan
2827,Fengxian
2828,Shanghai Proper
2829,Pudong New
2830,Jiading
2831,Pudong New
2832,Pudong New
2833,Jiading
2834,Chongming
2835,Pudong New
2836,Jiading
2837,Fengxian
2838,Minhang
2839,Minhang
2840,Fengxian
2841,Songjiang
2842,Pudong New
2843,Chongming
2844,Jiading
2845,Qingpu
2846,Jinshan
2847,Fengxian
2848,Jinshan
2849,Minhang
2850,Jinshan
2851,Jiading
2852,Qingpu
2853,Baoshan
2854,Qingpu
2855,Fengxian
2856,Jinshan
2857,Fengxian
2858,Baoshan
2859,Jinshan
2860,Pudong New
2861,Minhang
2862,Chongming
2863,Fengxian
2864,Chongming
2865,Pudong New
2866,Minhang
2867,Pudong New
2868,Qingpu
2869,Chongming
2870,Minhang
2871,Jiading
2872,Minhang
2873,Qingpu
2874,Jiading
2875,Jiading
2876,Jinshan
2877,Jinshan
2878,Songjiang
2879,Chongming
2880,Pudong New
2881,Chongming
2882,Minhang
2883,Chongming
2884,Qingpu
2885,Chongming
2886,Pudong New
2887,Qingpu
2888,Fengxian
2889,Minhang
2890,Fengxian
2891,Minhang
2892,Pudong New
2893,Shanghai Proper
2894,Chongming
2895,Chongming
2896,Songjiang
2897,Jinshan
2898,Minhang
2899,Minhang
2900,Qingpu
2901,Baoshan
2902,Jiading
2903,Fengxian
2904,Chongming
2905,Baoshan
2906,Pudong New
2907,Baoshan
2908,Fengxian
2909,Fengxian
2910,Jiading
2911,Fengxian
2912,Pudong New
2913,Qingpu
2914,Jinshan
2915,Baoshan
2916,Pudong New
2917,Qingpu
2918,Songjiang
2919,Jinshan
2920,Pudong New
2921,Baoshan
2922,Baoshan
2923,Qingpu
2924,Chongming
2925,Pudong New
2926,Chongming
2927,Qingpu
2928,Jinshan
2929,Baoshan
2930,Chongming
2931,Minhang
2932,Chongming
2933,Jinshan
2934,Chongming
2935,Minhang
2936,Qingpu
2937,Chongming
2938,Chongming
2939,Chongming
2940,Pudong New
2941,Qingpu
2942,Chongming
2943,Chongming
2944,Chongming
2945,Fengxian
2946,Shanghai Proper
2947,Jiading
2948,Chongming
2949,Qingpu
2950,Jiading
2951,Jinshan
2952,Jinshan
2953,Pudong New
2954,Pudong New
2955,Fengxian
2956,Qingpu
2957,Jiading
2958,Chongming
2959,Pudong New
2960,Pudong New
2961,Songjiang
2962,Jiading
2963,Jinshan
2964,Songjiang
2965,Baoshan
2966,Pudong New
2967,Chongming
2968,Chongming
2969,Qingpu
2970,Jinshan
2971,Fengxian
2972,Songjiang
2973,Shanghai Proper
2974,Jinshan
2975,Jiading
2976,Chongming
2977,Qingpu
2978,Jiading
2979,Jinshan
2980,Pudong New
2981,Fengxian
2982,Chongming
2983,Jinshan
2984,Chongming
2985,Chongming
2986,Chongming
2987,Chongming
2988,Pudong New
2989,Pudong New
2990,Chongming
2991,Jinshan
2992,Pudong New
2993,Chongming
2994,Songjiang
2995,Pudong New
2996,Qingpu
2997,Pudong New
2998,Chongming
2999,Minhang
3000,Jiading
3001,Fengxian
3002,Pudong New
3003,Pudong New
3004,Chongming
3005,Pudong New
3006,Jinshan
3007,Pudong New
3008,Pudong New
3009,Baoshan
3010,Qingpu
3011,Minhang
3012,Jinshan
3013,Jinshan
3014,Chongming
3015,Chongming
3016,Qingpu
3017,Jiading
3018,Songjiang
3019,Minhang
3020,Jinshan
3021,Baoshan
3022,Pudong New
3023,Pudong New
3024,Baoshan
3025,Songjiang
3026,Qingpu
3027,Chongming
3028,Minhang
3029,Jinshan
3030,Fengxian
3031,Chongming
3032,Minhang
3033,Jiading
3034,Songjiang
3035,Chongming
3036,Qingpu
3037,Baoshan
3038,Jinshan
3039,Pudong New
3040,Fengxian
3041,Qingpu
3042,Qingpu
3043,Pudong New
3044,Jiading
3045,Minhang
3046,Jinshan
3047,Jinshan
3048,Pudong New
3049,Jinshan
3050,Chongming
3051,Songjiang
3052,Minhang
3053,Baoshan
3054,Songjiang
3055,Pudong New
3056,Chongming
3057,Qingpu
3058,Chongming
3059,Songjiang
3060,Chongming
3061,Fengxian
3062,Pudong New
3063,Songjiang
3064,Fengxian
3065,Songjiang
3066,Chongming
3067,Baoshan
3068,Jinshan
3069,Chongming
3070,Fengxian
3071,Pudong New
3072,Jiading
3073,Qingpu
3074,Pudong New
3075,Chongming
3076,Songjiang
3077,Pudong New
3078,Chongming
3079,Chongming
3080,Fengxian
3081,Minhang
3082,Pudong New
3083,Chongming
3084,Pudong New
3085,Fengxian
3086,Jiading
3087,Qingpu
3088,Qingpu
3089,Pudong New
3090,Pudong New
3091,Fengxian
3092,Jinshan
3093,Pudong New
3094,Chongming
3095,Qingpu
3096,Chongming
3097,Jinshan
3098,Fengxian
3099,Jinshan
3100,Pudong New
3101,Jinshan
3102,Jinshan
3103,Baoshan
3104,Pudong New
3105,Jinshan
3106,Jinshan
3107,Pudong New
3108,Shanghai Proper
3109,Chongming
3110,Songjiang
3111,Pudong New
3112,Pudong New
3113,Songjiang
3114,Qingpu
3115,Fengxian
3116,Baoshan
3117,Pudong New
3118,Chongming
3119,Qingpu
3120,Pudong New
3121,Shanghai Proper
3122,Chongming
3123,Qingpu
3124,Pudong New
3125,Fengxian
3126,Pudong New
3127,Qingpu
3128,Fengxian
3129,Fengxian
3130,Fengxian
3131,Pudong New
3132,Fengxian
3133,Chongming
3134,Jiading
3135,Fengxian
3136,Jiading
3137,Jinshan
3138,Chongming
3139,Baoshan
3140,Pudong New
3141,Jinshan
3142,Songjiang
3143,Chongming
3144,Chongming
3145,Pudong New
3146,Minhang
3147,Fengxian
3148,Chongming
3149,Songjiang
3150,Pudong New
3151,Jinshan
3152,Jiading
3153,Jinshan
3154,Songjiang
3155,Pudong New
3156,Pudong New
3157,Baoshan
3158,Chongming
3159,Minhang
3160,Fengxian
3161,Jinshan
3162,Pudong New
3163,Pudong New
3164,Pudong New
3165,Shanghai Proper
3166,Qingpu
3167,Fengxian
3168,Chongming
3169,Fengxian
3170,Minhang
3171,Chongming
3172,Minhang
3173,Pudong New
3174,Minhang
3175,Pudong New
3176,Fengxian
3177,Fengxian
3178,Qingpu
3179,Pudong New
3180,Pudong New
3181,Chongming
3182,Songjiang
3183,Jinshan
3184,Qingpu
3185,Chongming
3186,Minhang
3187,Fengxian
3188,Chongming
3189,Fengxian
3190,Pudong New
3191,Fengxian
3192,Qingpu
3193,Songjiang
3194,Pudong New
3195,Jinshan
3196,Minhang
3197,Chongming
3198,Pudong New
3199,Pudong New
3200,Qingpu
3201,Qingpu
3202,Minhang
3203,Qingpu
3204,Pudong New
3205,Fengxian
3206,Pudong New
3207,Chongming
3208,Songjiang
3209,Jiading
3210,Songjiang
3211,Jiading
3212,Jiading
3213,Songjiang
3214,Baoshan
3215,Jinshan
3216,Pudong New
3217,Qingpu
3218,Minhang
3219,Jinshan
3220,Chongming
3221,Minhang
3222,Qingpu
3223,Pudong New
3224,Qingpu
3225,Qingpu
3226,Qingpu
3227,Baoshan
3228,Fengxian
3229,Baoshan
3230,Jiading
3231,Pudong New
3232,Pudong New
3233,Jinshan
3234,Minhang
3235,Chongming
3236,Fengxian
3237,Chongming
3238,Songjiang
3239,Baoshan
3240,Minhang
3241,Qingpu
3242,Jinshan
3243,Songjiang
3244,Chongming
3245,Pudong New
3246,Jiading
3247,Baoshan
3248,Chongming
3249,Chongming
3250,Chongming
3251,Pudong New
3252,Pudong New
3253,Chongming
3254,Qingpu
3255,Minhang
3256,Jinshan
3257,Chongming
3258,Songjiang
3259,Pudong New
3260,Baoshan
3261,Chongming
3262,Jiading
3263,Pudong New
3264,Chongming
3265,Fengxian
3266,Pudong New
3267,Pudong New
3268,Qingpu
3269,Minhang
3270,Jiading
3271,Baoshan
3272,Baoshan
3273,Pudong New
3274,Jiading
3275,Fengxian
3276,Jiading
3277,Fengxian
3278,Minhang
3279,Jiading
3280,Songjiang
3281,Pudong New
3282,Qingpu
3283,Chongming
3284,Jiading
3285,Pudong New
3286,Minhang
3287,Chongming
3288,Chongming
3289,Qingpu
3290,Pudong New
3291,Fengxian
3292,Pudong New
3293,Pudong New
3294,Pudong New
3295,Pudong New
3296,Jinshan
3297,Pudong New
3298,Baoshan
3299,Pudong New
3300,Chongming
3301,Pudong New
3302,Pudong New
3303,Songjiang
3304,Songjiang
3305,Pudong New
3306,Pudong New
3307,Jinshan
3308,Chongming
3309,Qingpu
3310,Fengxian
3311,Pudong New
3312,Jiading
3313,Pudong New
3314,Qingpu
3315,Chongming
3316,Jiading
3317,Chongming
3318,Baoshan
3319,Jiading
3320,Fengxian
3321,Shanghai Proper
3322,Fengxian
3323,Pudong New
3324,Fengxian
3325,Pudong New
3326,Chongming
3327,Jiading
3328,Chongming
3329,Baoshan
3330,Qingpu
3331,Shanghai Proper
3332,Pudong New
3333,Minhang
3334,Chongming
3335,Fengxian
3336,Songjiang
3337,Jinshan
3338,Jiading
3339,Minhang
3340,Fengxian
3341,Qingpu
3342,Chongming
3343,Chongming
3344,Pudong New
3345,Chongming
3346,Chongming
3347,Pudong New
3348,Shanghai Proper
3349,Jinshan
3350,Songjiang
3351,Jiading
3352,Chongming
3353,Jinshan
3354,Jiading
3355,Chongming
3356,Shanghai Proper
3357,Fengxian
3358,Chongming
3359,Qingpu
3360,Chongming
3361,Chongming
3362,Chongming
3363,Pudong New
3364,Songjiang
3365,Jiading
3366,Chongming
3367,Chongming
3368,Jiading
3369,Qingpu
3370,Pudong New
3371,Chongming
3372,Jinshan
3373,Jinshan
3374,Songjiang
3375,Jinshan
3376,Fengxian
3377,Jinshan
3378,Jiading
3379,Minhang
3380,Pudong New
3381,Chongming
3382,Jiading
3383,Minhang
3384,Pudong New
3385,Jinshan
3386,Minhang
3387,Pudong New
3388,Qingpu
3389,Pudong New
3390,Qingpu
3391,Baoshan
3392,Pudong New
3393,Fengxian
3394,Fengxian
3395,Fengxian
3396,Qingpu
3397,Jinshan
3398,Shanghai Proper
3399,Pudong New
3400,Songjiang
3401,Chongming
3402,Fengxian
3403,Jinshan
3404,Songjiang
3405,Chongming
3406,Minhang
3407,Pudong New
3408,Fengxian
3409,Chongming
3410,Qingpu
3411,Chongming
3412,Jiading
3413,Pudong New
3414,Baoshan
3415,Qingpu
3416,Fengxian
3417,Jiading
3418,Chongming
3419,Pudong New
3420,Jinshan
